<?xml version="1.0" encoding="UTF-8"?>
<beans xmlns="http://www.springframework.org/schema/beans"
	xmlns:xsi="http://www.w3.org/2001/XMLSchema-instance"
	xmlns:context="http://www.springframework.org/schema/context"
	xmlns:mybatis-spring="http://mybatis.org/schema/mybatis-spring"
	xsi:schemaLocation="http://mybatis.org/schema/mybatis-spring http://mybatis.org/schema/mybatis-spring-1.2.xsd
		http://www.springframework.org/schema/beans http://www.springframework.org/schema/beans/spring-beans.xsd
		http://www.springframework.org/schema/context http://www.springframework.org/schema/context/spring-context-3.1.xsd">

<context:property-placeholder location="classpath:database/jdbc.properties"/>

<bean id="dataSource" class="org.apache.commons.dbcp.BasicDataSource">
	<property name="driverClassName" value="${jdbc.driverClassName}" />
	<property name="url" value="${jdbc.url}" />
	<property name="username" value="${jdbc.username}" />
	<property name="password" value="${jdbc.password}" />
</bean>

<!-- MyBatis -->
<bean id="sqlSessionFactory" class="org.mybatis.spring.SqlSessionFactoryBean">
	<property name="dataSource" ref="dataSource" />
	<property name="mapperLocations" value="classpath:com/mycompany/goldenTime/**/*.xml" />
</bean>
<bean id="sqlSession" class="org.mybatis.spring.SqlSessionTemplate">
    	<constructor-arg ref="sqlSessionFactory" />
	</bean>

<bean id="jdbcTemplate" class="org.springframework.jdbc.core.JdbcTemplate">
	<property name="dataSource" ref="dataSource" />
</bean>

<context:component-scan base-package="com.mycompany.goldenTime" />

<mybatis-spring:scan base-package="com.mycompany.goldenTime.dao"/>

</beans>