<?xml version="1.0" encoding="UTF-8"?>
<!DOCTYPE mapper PUBLIC "-//mybatis.org//DTD Mapper 3.0//EN" "http://mybatis.org/dtd/mybatis-3-mapper.dtd">
<mapper namespace="com.mycompany.goldenTime.dao.ERepository">
<resultMap id="getRealTimeInfo" type="com.mycompany.goldenTime.model.RealTimeEmrVO">
		<result property="name" column="NAME"/>
		<result property="hvgc" column="HVGC"/>
		<result property="hvoc" column="HVOC"/>
		<result property="hperyn" column="HPERYN"/>
		<result property="hvec" column="HVEC"/>
		<result property="emReceive3" column="EMRECEIVE3"/>
	</resultMap>

	<resultMap id="getEmrInfo" type="com.mycompany.goldenTime.model.EmrInfoVO">
		<result property="dutyName" column="DUTYNAME"/>
		<result property="dutyAddr" column="DUTYADDR"/>
		<result property="dutyTel3" column="DUTYTEL3"/>
	</resultMap>
	
	<resultMap id="getActualInfo" type="com.mycompany.goldenTime.model.ActualVO">
		<result property="year" column="YEAR"/>
		<result property="numOfEm" column="NUMOFEM"/>
	</resultMap>
	
	<resultMap id="getNeedInfo" type="com.mycompany.goldenTime.model.NeedVO">
		<result property="year" column="YEAR"/>
		<result property="numOfEm" column="NUMOFEM"/>
	</resultMap>
	
	<resultMap id="getCongestionInfo" type="com.mycompany.goldenTime.model.CongestionVO">
		<result property="year" column="YEAR"/>
		<result property="numOfEm" column="NUMOFEM"/>
	</resultMap>
	
	<select id="realTimeList" resultMap="getRealTimeInfo">
		SELECT * FROM REALTIME_EMR
	</select>
	
	<select id="emrInfo" resultMap="getEmrInfo">
		select dutyName, dutyAddr, dutyTel3
		from emr_list where emrArea = #{area}
	</select>
	
	<select id="actualList" resultMap="getActualInfo">
		SELECT * FROM ACTUALEMNUMBER
	</select>
	
	<select id="needList" resultMap="getNeedInfo">
		SELECT * FROM NEEDEMNUMBER
	</select>
	
	<select id="congestionList" resultMap="getCongestionInfo">
		SELECT * FROM EMCONGESTION
	</select>
</mapper>