<?xml version="1.0" encoding="UTF-8"?>
<!DOCTYPE mapper PUBLIC "-//mybatis.org//DTD Mapper 3.0//EN"
 "http://mybatis.org/dtd/mybatis-3-mapper.dtd">
<mapper namespace="com.mycompany.goldenTime.dao.IMemberRepository">
	<resultMap id="getMemberResultMap" type="com.mycompany.goldenTime.model.MemberVO">
		<result property="id" column="ID" />
		<result property="pw" column="PW" />
		<result property="name" column="NAME" />
		<result property="phone" column="PHONE" />
		<result property="email" column="EMAIL" />
		<result property="rDate" column="RDATE" />
		<result property="address" column="ADDRESS" />
	</resultMap>
	
	<select id="getMember" parameterType="string" resultMap="getMemberResultMap">
		SELECT * FROM USERS WHERE ID = #{id}
	</select>
	
	<select id="confirmId" parameterType="string" resultType="int">
		SELECT COUNT(*) FROM USERS WHERE ID = #{id}
	</select>
	
	<insert id="insertMember" parameterType="com.mycompany.goldenTime.model.MemberVO">
		INSERT INTO USERS (ID, PW, NAME, PHONE, EMAIL, RDATE, ADDRESS)
		VALUES (#{id}, #{pw}, #{name}, #{phone}, #{email}, #{rDate}, #{address})
	</insert>

	<select id="userCheck" parameterType="string" resultType="int">
		SELECT COUNT(*) FROM USERS WHERE ID = #{id} AND PW = #{pw}
	</select>
	
	<update id="updateMember" parameterType="com.mycompany.goldenTime.model.MemberVO">
		UPDATE USERS SET PW=#{pw}, PHONE=#{phone}, EMAIL=#{email}, ADDRESS=#{address} WHERE ID=#{id}
	</update>
</mapper>