[
    {
        "region": "전국",
        "within60": 72.8,
        "inside": 80.9,
        "within30": 4.1
    },
    {
        "region": "서울",
        "within60": 90.3,
        "inside": 88.1,
        "within30": 0
    },
    {
        "region": "부산",
        "within60": 85,
        "inside": 84.6,
        "within30": 0.1
    },
    {
        "region": "대구",
        "within60": 91.1,
        "inside": 93,
        "within30": 0
    },
    {
        "region": "인천",
        "within60": 86.7,
        "inside": 84.1,
        "within30": 1.9
    },
    {
        "region": "광주",
        "within60": 89.2,
        "inside": 85.6,
        "within30": 0
    },
    {
        "region": "대전",
        "within60": 87.8,
        "inside": 87.8,
        "within30": 0
    },
    {
        "region": "울산",
        "within60": 77.4,
        "inside": 83.5,
        "within30": 0.1
    },
    {
        "region": "세종",
        "within60": 73.3,
        "inside": 64.1,
        "within30": 0.1
    },
    {
        "region": "경기",
        "within60": 77.6,
        "inside": 77.5,
        "within30": 1.2
    },
    {
        "region": "강원",
        "within60": 55.8,
        "inside": 84.3,
        "within30": 12.3
    },
    {
        "region": "충북",
        "within60": 64.2,
        "inside": 77,
        "within30": 7.7
    },
    {
        "region": "충남",
        "within60": 59.5,
        "inside": 69,
        "within30": 4.9
    },
    {
        "region": "전북",
        "within60": 64.8,
        "inside": 87.5,
        "within30": 3.1
    },
    {
        "region": "전남",
        "within60": 51.7,
        "inside": 67.5,
        "within30": 8.3
    },
    {
        "region": "경북",
        "within60": 53.4,
        "inside": 67.1,
        "within30": 9.4
    },
    {
        "region": "경남",
        "within60": 61.1,
        "inside": 79.5,
        "within30": 3.5
    },
    {
        "region": "제주",
        "within60": 69.2,
        "inside": 95,
        "within30": 16.5
    }
]