[
    {
        "col1": "1",
        "col2": "서울",
        "col3": "795",
        "col4": "199",
        "col5": "752",
        "col6": "184",
        "col7": "701",
        "col8": "169",
        "col9": "654",
        "col10": "156",
        "col11": "605",
        "col12": "148"
    },
    {
        "col1": "2",
        "col2": "경기",
        "col3": "311",
        "col4": "36",
        "col5": "288",
        "col6": "35",
        "col7": "271",
        "col8": "30",
        "col9": "265",
        "col10": "30",
        "col11": "259",
        "col12": "29"
    }
]